Workbook

Sheet Dashboard
A1: PAKISTANI FASHION INTELLIGENCE | E1: PAKISTANI FASHION INTELLIGENCE | X1: SNAPSHOT DATE 31 Aug 2026 | AC1: REGION (WEATHER) Peshawar, Pakistan
E3: COMPARATIVE RETAIL ANALYTICS OF J. | MARIA.B | SANA SAFINAZ
E4: ="Filters: "&B8&" | "&B12&" | "&B16&" | "&B20&" | "&B24&" | "&B28 -> Filters: All | All | All | All | All | All
A5: FILTERS | E5: PRODUCTS | J5: MEDIAN PRICE | O5: AVG DISCOUNT | T5: SALE PRODUCTS | Y5: CATEGORIES | AD5: BRAND SCORE
A7: Brand | E7: =Dashboard_Calcs!E4 -> 281 | J7: =Dashboard_Calcs!E5 -> 12990 | O7: =Dashboard_Calcs!E6 -> 0.046186121 | T7: =Dashboard_Calcs!E8 -> 0.13879004 | Y7: =Dashboard_Calcs!E7 -> 5 | AD7: =Dashboard_Calcs!E9 -> 81.18
B8: All
E10: Selected products | J10: Current selection | O10: Current selection | T10: Products on sale | Y10: Active categories | AD10: Best / selected brand
A11: Category
B12: All
A15: Subcategory
B16: All
A19: Collection
B20: All
A23: Availability
B24: All
E26: 1. Price positioning: which brand is more affordable? | N26: 2. Discount depth: which brand gives stronger discounts? | W26: 3. Promotion frequency: what share of products are on sale?
A27: Price Segment
B28: All
A32: PESHAWAR WEATHER
A34: =Weather_API!C2 -> 33.1
A38: =Weather_API!D2 -> Clear
A40: ="Max "&TEXT(Weather_API!F2,"0")&"°C" -> Max 34°C | C40: ="Min "&TEXT(Weather_API!G2,"0")&"°C" -> Min 26°C
A44: ="Humidity "&TEXT(Weather_API!H2,"0")&"%" -> Humidity 62% | C44: ="Rain "&TEXT(Weather_API!I2,"0.0")&" mm" -> Rain 0.0 mm
A48: ="Wind "&TEXT(Weather_API!J2,"0")&" km/h" -> Wind 5 km/h | C48: ="Code "&TEXT(Weather_API!E2,"0") -> Code 0
E50: 4. Assortment mix: which categories dominate the selection? | R50: 5. Market positioning: Budget vs Mid vs Premium vs Luxury.
A52: Source: Open-Meteo API
E54: KEY INSIGHTS
E56: • Sana Safinaz has the highest overall Brand Intelligence Score (81.18). • Maria.B has the highest overall median price (PKR 23,990), showing stronger premium positioning. • J. is more value-oriented, while Sana Safinaz currently shows stronger promotional activity. • Unstitched is the largest category in the 281-product snapshot. • All five graphs respond to the dashboard dropdown filters.

Sheet Dashboard_Calcs
A1: INTERACTIVE DASHBOARD CALCULATIONS | U1: J Price | V1: J Discount | W1: Maria Price | X1: Maria Discount | Y1: Sana Price | Z1: Sana Discount | AB1: Include | AC1: Filtered Price | AD1: Filtered Discount | AE1: Sale Flag | AF1: J Price | AG1: Maria Price | AH1: Sana Price | AI1: J Discount | AJ1: Maria Discount | AK1: Sana Discount
A2: Brand | B2: =Dashboard!B8 -> All | D2: KPI | E2: Value | G2: Brand | H2: Median Price | I2: Avg Discount | J2: Score | K2: Sale Products % | L2: Category | M2: Products | O2: Brand | P2: Budget | Q2: Mid Range | R2: Premium | S2: Luxury | U2: =IF(AND($AB2=1,Processed_Data!C2="J."),Processed_Data!J2,NA()) -> 6900 | V2: =IF(AND($AB2=1,Processed_Data!C2="J."),Processed_Data!L2/100,NA()) -> 0 | W2: =IF(AND($AB2=1,Processed_Data!C2="Maria.B"),Processed_Data!J2,NA()) -> #N/A | X2: =IF(AND($AB2=1,Processed_Data!C2="Maria.B"),Processed_Data!L2/100,NA()) -> #N/A | Y2: =IF(AND($AB2=1,Processed_Data!C2="Sana Safinaz"),Processed_Data!J2,NA()) -> #N/A | Z2: =IF(AND($AB2=1,Processed_Data!C2="Sana Safinaz"),Processed_Data!L2/100,NA()) -> #N/A | AB2: =--AND(OR($B$2="All",Processed_Data!C2=$B$2),OR($B$3="All",Processed_Data!F2=$B$3),OR($B$4="All",Processed_Data!G2=$B$4),OR($B$5="All",Processed_Data!H2=$B$5),OR($B$6="All",Processed_Data!R2=$B$6),OR($B$7="All",Processed_Data!N2=$B$7)) -> 1 | AC2: =IF($AB2=1,Processed_Data!J2,"") -> 6900 | AD2: =IF($AB2=1,Processed_Data!L2,0) -> 0 | AE2: =IF($AB2=1,--(Processed_Data!M2="On Sale"),0) -> 0 | AF2: =IF(AND($AB2=1,Processed_Data!C2="J."),Processed_Data!J2,"") -> 6900 | AG2: =IF(AND($AB2=1,Processed_Data!C2="Maria.B"),Processed_Data!J2,"") | AH2: =IF(AND($AB2=1,Processed_Data!C2="Sana Safinaz"),Processed_Data!J2,"") | AI2: =IF(AND($AB2=1,Processed_Data!C2="J."),Processed_Data!L2,0) -> 0 | AJ2: =IF(AND($AB2=1,Processed_Data!C2="Maria.B"),Processed_Data!L2,0) -> 0 | AK2: =IF(AND($AB2=1,Processed_Data!C2="Sana Safinaz"),Processed_Data!L2,0) -> 0
A3: Category | B3: =Dashboard!B12 -> All | D3: Brands | E3: =COUNT(J3:J5) -> 3 | G3: J. | H3: =IFERROR(MEDIAN(AF2:AF282),NA()) -> 9990 | I3: =IFERROR(SUM(AI2:AI282)/COUNT(AF2:AF282)/100,NA()) -> 0.017 | J3: =IF(COUNT(AF2:AF282)=0,NA(),65.28) -> 65.28 | K3: =IF(AND($B$2<>"All",$B$2<>G3),NA(),IFERROR(COUNTIFS(Processed_Data!$C$2:$C$282,G3,Processed_Data!$M$2:$M$282,"On Sale",Processed_Data!$F$2:$F$282,IF($B$3="All","*",$B$3),Processed_Data!$G$2:$G$282,IF($B$4="All","*",$B$4),Processed_Data!$H$2:$H$282,IF($B$5="All","*",$B$5),Processed_Data!$R$2:$R$282,IF($B$6="All","*",$B$6),Processed_Data!$N$2:$N$282,IF($B$7="All","*",$B$7))/COUNTIFS(Processed_Data!$C$2:$C$282,G3,Processed_Data!$F$2:$F$282,IF($B$3="All","*",$B$3),Processed_Data!$G$2:$G$282,IF($B$4="All","*",$B$4),Processed_Data!$H$2:$H$282,IF($B$5="All","*",$B$5),Processed_Data!$R$2:$R$282,IF($B$6="All","*",$B$6),Processed_Data!$N$2:$N$282,IF($B$7="All","*",$B$7)),NA())) -> 0.04 | L3: Unstitched | M3: =IF(AND($B$3<>"All",$B$3<>L3),0,COUNTIFS(Processed_Data!$F$2:$F$282,L3,Processed_Data!$C$2:$C$282,IF($B$2="All","*",$B$2),Processed_Data!$G$2:$G$282,IF($B$4="All","*",$B$4),Processed_Data!$H$2:$H$282,IF($B$5="All","*",$B$5),Processed_Data!$R$2:$R$282,IF($B$6="All","*",$B$6),Processed_Data!$N$2:$N$282,IF($B$7="All","*",$B$7))) -> 84 | O3: J. | P3: =IF(OR(AND($B$2<>"All",$B$2<>O3),AND($B$7<>"All",$B$7<>"Budget")),0,IFERROR(COUNTIFS(Processed_Data!$C$2:$C$282,O3,Processed_Data!$N$2:$N$282,"Budget",Processed_Data!$F$2:$F$282,IF($B$3="All","*",$B$3),Processed_Data!$G$2:$G$282,IF($B$4="All","*",$B$4),Processed_Data!$H$2:$H$282,IF($B$5="All","*",$B$5),Processed_Data!$R$2:$R$282,IF($B$6="All","*",$B$6),Processed_Data!$N$2:$N$282,IF($B$7="All","*",$B$7))/COUNTIFS(Processed_Data!$C$2:$C$282,O3,Processed_Data!$F$2:$F$282,IF($B$3="All","*",$B$3),Processed_Data!$G$2:$G$282,IF($B$4="All","*",$B$4),Processed_Data!$H$2:$H$282,IF($B$5="All","*",$B$5),Processed_Data!$R$2:$R$282,IF($B$6="All","*",$B$6),Processed_Data!$N$2:$N$282,IF($B$7="All","*",$B$7)),0)) -> 0.4 | Q3: =IF(OR(AND($B$2<>"All",$B$2<>O3),AND($B$7<>"All",$B$7<>"Mid Range")),0,IFERROR(COUNTIFS(Processed_Data!$C$2:$C$282,O3,Processed_Data!$N$2:$N$282,"Mid Range",Processed_Data!$F$2:$F$282,IF($B$3="All","*",$B$3),Processed_Data!$G$2:$G$282,IF($B$4="All","*",$B$4),Processed_Data!$H$2:$H$282,IF($B$5="All","*",$B$5),Processed_Data!$R$2:$R$282,IF($B$6="All","*",$B$6),Processed_Data!$N$2:$N$282,IF($B$7="All","*",$B$7))/COUNTIFS(Processed_Data!$C$2:$C$282,O3,Processed_Data!$F$2:$F$282,IF($B$3="All","*",$B$3),Processed_Data!$G$2:$G$282,IF($B$4="All","*",$B$4),Processed_Data!$H$2:$H$282,IF($B$5="All","*",$B$5),Processed_Data!$R$2:$R$282,IF($B$6="All","*",$B$6),Processed_Data!$N$2:$N$282,IF($B$7="All","*",$B$7)),0)) -> 0.42 | R3: =IF(OR(AND($B$2<>"All",$B$2<>O3),AND($B$7<>"All",$B$7<>"Premium")),0,IFERROR(COUNTIFS(Processed_Data!$C$2:$C$282,O3,Processed_Data!$N$2:$N$282,"Premium",Processed_Data!$F$2:$F$282,IF($B$3="All","*",$B$3),Processed_Data!$G$2:$G$282,IF($B$4="All","*",$B$4),Processed_Data!$H$2:$H$282,IF($B$5="All","*",$B$5),Processed_Data!$R$2:$R$282,IF($B$6="All","*",$B$6),Processed_Data!$N$2:$N$282,IF($B$7="All","*",$B$7))/COUNTIFS(Processed_Data!$C$2:$C$282,O3,Processed_Data!$F$2:$F$282,IF($B$3="All","*",$B$3),Processed_Data!$G$2:$G$282,IF($B$4="All","*",$B$4),Processed_Data!$H$2:$H$282,IF($B$5="All","*",$B$5),Processed_Data!$R$2:$R$282,IF($B$6="All","*",$B$6),Processed_Data!$N$2:$N$282,IF($B$7="All","*",$B$7)),0)) -> 0.18 | S3: =IF(OR(AND($B$2<>"All",$B$2<>O3),AND($B$7<>"All",$B$7<>"Luxury")),0,IFERROR(COUNTIFS(Processed_Data!$C$2:$C$282,O3,Processed_Data!$N$2:$N$282,"Luxury",Processed_Data!$F$2:$F$282,IF($B$3="All","*",$B$3),Processed_Data!$G$2:$G$282,IF($B$4="All","*",$B$4),Processed_Data!$H$2:$H$282,IF($B$5="All","*",$B$5),Processed_Data!$R$2:$R$282,IF($B$6="All","*",$B$6),Processed_Data!$N$2:$N$282,IF($B$7="All","*",$B$7))/COUNTIFS(Processed_Data!$C$2:$C$282,O3,Processed_Data!$F$2:$F$282,IF($B$3="All","*",$B$3),Processed_Data!$G$2:$G$282,IF($B$4="All","*",$B$4),Processed_Data!$H$2:$H$282,IF($B$5="All","*",$B$5),Processed_Data!$R$2:$R$282,IF($B$6="All","*",$B$6),Processed_Data!$N$2:$N$282,IF($B$7="All","*",$B$7)),0)) -> 0 | U3: =IF(AND($AB3=1,Processed_Data!C3="J."),Processed_Data!J3,NA()) -> 6900 | V3: =IF(AND($AB3=1,Processed_Data!C3="J."),Processed_Data!L3/100,NA()) -> 0 | W3: =IF(AND($AB3=1,Processed_Data!C3="Maria.B"),Processed_Data!J3,NA()) -> #N/A | X3: =IF(AND($AB3=1,Processed_Data!C3="Maria.B"),Processed_Data!L3/100,NA()) -> #N/A | Y3: =IF(AND($AB3=1,Processed_Data!C3="Sana Safinaz"),Processed_Data!J3,NA()) -> #N/A | Z3: =IF(AND($AB3=1,Processed_Data!C3="Sana Safinaz"),Processed_Data!L3/100,NA()) -> #N/A | AB3: =--AND(OR($B$2="All",Processed_Data!C3=$B$2),OR($B$3="All",Processed_Data!F3=$B$3),OR($B$4="All",Processed_Data!G3=$B$4),OR($B$5="All",Processed_Data!H3=$B$5),OR($B$6="All",Processed_Data!R3=$B$6),OR($B$7="All",Processed_Data!N3=$B$7)) -> 1 | AC3: =IF($AB3=1,Processed_Data!J3,"") -> 6900 | AD3: =IF($AB3=1,Processed_Data!L3,0) -> 0 | AE3: =IF($AB3=1,--(Processed_Data!M3="On Sale"),0) -> 0 | AF3: =IF(AND($AB3=1,Processed_Data!C3="J."),Processed_Data!J3,"") -> 6900 | AG3: =IF(AND($AB3=1,Processed_Data!C3="Maria.B"),Processed_Data!J3,"") | AH3: =IF(AND($AB3=1,Processed_Data!C3="Sana Safinaz"),Processed_Data!J3,"") | AI3: =IF(AND($AB3=1,Processed_Data!C3="J."),Processed_Data!L3,0) -> 0 | AJ3: =IF(AND($AB3=1,Processed_Data!C3="Maria.B"),Processed_Data!L3,0) -> 0 | AK3: =IF(AND($AB3=1,Processed_Data!C3="Sana Safinaz"),Processed_Data!L3,0) -> 0
A4: Subcategory | B4: =Dashboard!B16 -> All | D4: Products | E4: =SUM(AB2:AB282) -> 281 | G4: Maria.B | H4: =IFERROR(MEDIAN(AG2:AG282),NA()) -> 23990 | I4: =IFERROR(SUM(AJ2:AJ282)/COUNT(AG2:AG282)/100,NA()) -> 0.015 | J4: =IF(COUNT(AG2:AG282)=0,NA(),45.32) -> 45.32 | K4: =IF(AND($B$2<>"All",$B$2<>G4),NA(),IFERROR(COUNTIFS(Processed_Data!$C$2:$C$282,G4,Processed_Data!$M$2:$M$282,"On Sale",Processed_Data!$F$2:$F$282,IF($B$3="All","*",$B$3),Processed_Data!$G$2:$G$282,IF($B$4="All","*",$B$4),Processed_Data!$H$2:$H$282,IF($B$5="All","*",$B$5),Processed_Data!$R$2:$R$282,IF($B$6="All","*",$B$6),Processed_Data!$N$2:$N$282,IF($B$7="All","*",$B$7))/COUNTIFS(Processed_Data!$C$2:$C$282,G4,Processed_Data!$F$2:$F$282,IF($B$3="All","*",$B$3),Processed_Data!$G$2:$G$282,IF($B$4="All","*",$B$4),Processed_Data!$H$2:$H$282,IF($B$5="All","*",$B$5),Processed_Data!$R$2:$R$282,IF($B$6="All","*",$B$6),Processed_Data!$N$2:$N$282,IF($B$7="All","*",$B$7)),NA())) -> 0.15 | L4: Formal | M4: =IF(AND($B$3<>"All",$B$3<>L4),0,COUNTIFS(Processed_Data!$F$2:$F$282,L4,Processed_Data!$C$2:$C$282,IF($B$2="All","*",$B$2),Processed_Data!$G$2:$G$282,IF($B$4="All","*",$B$4),Processed_Data!$H$2:$H$282,IF($B$5="All","*",$B$5),Processed_Data!$R$2:$R$282,IF($B$6="All","*",$B$6),Processed_Data!$N$2:$N$282,IF($B$7="All","*",$B$7))) -> 63 | O4: Maria.B | P4: =IF(OR(AND($B$2<>"All",$B$2<>O4),AND($B$7<>"All",$B$7<>"Budget")),0,IFERROR(COUNTIFS(Processed_Data!$C$2:$C$282,O4,Processed_Data!$N$2:$N$282,"Budget",Processed_Data!$F$2:$F$282,IF($B$3="All","*",$B$3),Processed_Data!$G$2:$G$282,IF($B$4="All","*",$B$4),Processed_Data!$H$2:$H$282,IF($B$5="All","*",$B$5),Processed_Data!$R$2:$R$282,IF($B$6="All","*",$B$6),Processed_Data!$N$2:$N$282,IF($B$7="All","*",$B$7))/COUNTIFS(Processed_Data!$C$2:$C$282,O4,Processed_Data!$F$2:$F$282,IF($B$3="All","*",$B$3),Processed_Data!$G$2:$G$282,IF($B$4="All","*",$B$4),Processed_Data!$H$2:$H$282,IF($B$5="All","*",$B$5),Processed_Data!$R$2:$R$282,IF($B$6="All","*",$B$6),Processed_Data!$N$2:$N$282,IF($B$7="All","*",$B$7)),0)) -> 0 | Q4: =IF(OR(AND($B$2<>"All",$B$2<>O4),AND($B$7<>"All",$B$7<>"Mid Range")),0,IFERROR(COUNTIFS(Processed_Data!$C$2:$C$282,O4,Processed_Data!$N$2:$N$282,"Mid Range",Processed_Data!$F$2:$F$282,IF($B$3="All","*",$B$3),Processed_Data!$G$2:$G$282,IF($B$4="All","*",$B$4),Processed_Data!$H$2:$H$282,IF($B$5="All","*",$B$5),Processed_Data!$R$2:$R$282,IF($B$6="All","*",$B$6),Processed_Data!$N$2:$N$282,IF($B$7="All","*",$B$7))/COUNTIFS(Processed_Data!$C$2:$C$282,O4,Processed_Data!$F$2:$F$282,IF($B$3="All","*",$B$3),Processed_Data!$G$2:$G$282,IF($B$4="All","*",$B$4),Processed_Data!$H$2:$H$282,IF($B$5="All","*",$B$5),Processed_Data!$R$2:$R$282,IF($B$6="All","*",$B$6),Processed_Data!$N$2:$N$282,IF($B$7="All","*",$B$7)),0)) -> 0.17 | R4: =IF(OR(AND($B$2<>"All",$B$2<>O4),AND($B$7<>"All",$B$7<>"Premium")),0,IFERROR(COUNTIFS(Processed_Data!$C$2:$C$282,O4,Processed_Data!$N$2:$N$282,"Premium",Processed_Data!$F$2:$F$282,IF($B$3="All","*",$B$3),Processed_Data!$G$2:$G$282,IF($B$4="All","*",$B$4),Processed_Data!$H$2:$H$282,IF($B$5="All","*",$B$5),Processed_Data!$R$2:$R$282,IF($B$6="All","*",$B$6),Processed_Data!$N$2:$N$282,IF($B$7="All","*",$B$7))/COUNTIFS(Processed_Data!$C$2:$C$282,O4,Processed_Data!$F$2:$F$282,IF($B$3="All","*",$B$3),Processed_Data!$G$2:$G$282,IF($B$4="All","*",$B$4),Processed_Data!$H$2:$H$282,IF($B$5="All","*",$B$5),Processed_Data!$R$2:$R$282,IF($B$6="All","*",$B$6),Processed_Data!$N$2:$N$282,IF($B$7="All","*",$B$7)),0)) -> 0.5 | S4: =IF(OR(AND($B$2<>"All",$B$2<>O4),AND($B$7<>"All",$B$7<>"Luxury")),0,IFERROR(COUNTIFS(Processed_Data!$C$2:$C$282,O4,Processed_Data!$N$2:$N$282,"Luxury",Processed_Data!$F$2:$F$282,IF($B$3="All","*",$B$3),Processed_Data!$G$2:$G$282,IF($B$4="All","*",$B$4),Processed_Data!$H$2:$H$282,IF($B$5="All","*",$B$5),Processed_Data!$R$2:$R$282,IF($B$6="All","*",$B$6),Processed_Data!$N$2:$N$282,IF($B$7="All","*",$B$7))/COUNTIFS(Processed_Data!$C$2:$C$282,O4,Processed_Data!$F$2:$F$282,IF($B$3="All","*",$B$3),Processed_Data!$G$2:$G$282,IF($B$4="All","*",$B$4),Processed_Data!$H$2:$H$282,IF($B$5="All","*",$B$5),Processed_Data!$R$2:$R$282,IF($B$6="All","*",$B$6),Processed_Data!$N$2:$N$282,IF($B$7="All","*",$B$7)),0)) -> 0.33 | U4: =IF(AND($AB4=1,Processed_Data!C4="J."),Processed_Data!J4,NA()) -> 6900 | V4: =IF(AND($AB4=1,Processed_Data!C4="J."),Processed_Data!L4/100,NA()) -> 0 | W4: =IF(AND($AB4=1,Processed_Data!C4="Maria.B"),Processed_Data!J4,NA()) -> #N/A | X4: =IF(AND($AB4=1,Processed_Data!C4="Maria.B"),Processed_Data!L4/100,NA()) -> #N/A | Y4: =IF(AND($AB4=1,Processed_Data!C4="Sana Safinaz"),Processed_Data!J4,NA()) -> #N/A | Z4: =IF(AND($AB4=1,Processed_Data!C4="Sana Safinaz"),Processed_Data!L4/100,NA()) -> #N/A | AB4: =--AND(OR($B$2="All",Processed_Data!C4=$B$2),OR($B$3="All",Processed_Data!F4=$B$3),OR($B$4="All",Processed_Data!G4=$B$4),OR($B$5="All",Processed_Data!H4=$B$5),OR($B$6="All",Processed_Data!R4=$B$6),OR($B$7="All",Processed_Data!N4=$B$7)) -> 1 | AC4: =IF($AB4=1,Processed_Data!J4,"") -> 6900 | AD4: =IF($AB4=1,Processed_Data!L4,0) -> 0 | AE4: =IF($AB4=1,--(Processed_Data!M4="On Sale"),0) -> 0 | AF4: =IF(AND($AB4=1,Processed_Data!C4="J."),Processed_Data!J4,"") -> 6900 | AG4: =IF(AND($AB4=1,Processed_Data!C4="Maria.B"),Processed_Data!J4,"") | AH4: =IF(AND($AB4=1,Processed_Data!C4="Sana Safinaz"),Processed_Data!J4,"") | AI4: =IF(AND($AB4=1,Processed_Data!C4="J."),Processed_Data!L4,0) -> 0 | AJ4: =IF(AND($AB4=1,Processed_Data!C4="Maria.B"),Processed_Data!L4,0) -> 0 | AK4: =IF(AND($AB4=1,Processed_Data!C4="Sana Safinaz"),Processed_Data!L4,0) -> 0
A5: Collection | B5: =Dashboard!B20 -> All | D5: Median Price | E5: =IFERROR(MEDIAN(AC2:AC282),0) -> 12990 | G5: Sana Safinaz | H5: =IFERROR(MEDIAN(AH2:AH282),NA()) -> 8999 | I5: =IFERROR(SUM(AK2:AK282)/COUNT(AH2:AH282)/100,NA()) -> 0.12071975 | J5: =IF(COUNT(AH2:AH282)=0,NA(),81.18) -> 81.18 | K5: =IF(AND($B$2<>"All",$B$2<>G5),NA(),IFERROR(COUNTIFS(Processed_Data!$C$2:$C$282,G5,Processed_Data!$M$2:$M$282,"On Sale",Processed_Data!$F$2:$F$282,IF($B$3="All","*",$B$3),Processed_Data!$G$2:$G$282,IF($B$4="All","*",$B$4),Processed_Data!$H$2:$H$282,IF($B$5="All","*",$B$5),Processed_Data!$R$2:$R$282,IF($B$6="All","*",$B$6),Processed_Data!$N$2:$N$282,IF($B$7="All","*",$B$7))/COUNTIFS(Processed_Data!$C$2:$C$282,G5,Processed_Data!$F$2:$F$282,IF($B$3="All","*",$B$3),Processed_Data!$G$2:$G$282,IF($B$4="All","*",$B$4),Processed_Data!$H$2:$H$282,IF($B$5="All","*",$B$5),Processed_Data!$R$2:$R$282,IF($B$6="All","*",$B$6),Processed_Data!$N$2:$N$282,IF($B$7="All","*",$B$7)),NA())) -> 0.24691358 | L5: Pret | M5: =IF(AND($B$3<>"All",$B$3<>L5),0,COUNTIFS(Processed_Data!$F$2:$F$282,L5,Processed_Data!$C$2:$C$282,IF($B$2="All","*",$B$2),Processed_Data!$G$2:$G$282,IF($B$4="All","*",$B$4),Processed_Data!$H$2:$H$282,IF($B$5="All","*",$B$5),Processed_Data!$R$2:$R$282,IF($B$6="All","*",$B$6),Processed_Data!$N$2:$N$282,IF($B$7="All","*",$B$7))) -> 59 | O5: Sana Safinaz | P5: =IF(OR(AND($B$2<>"All",$B$2<>O5),AND($B$7<>"All",$B$7<>"Budget")),0,IFERROR(COUNTIFS(Processed_Data!$C$2:$C$282,O5,Processed_Data!$N$2:$N$282,"Budget",Processed_Data!$F$2:$F$282,IF($B$3="All","*",$B$3),Processed_Data!$G$2:$G$282,IF($B$4="All","*",$B$4),Processed_Data!$H$2:$H$282,IF($B$5="All","*",$B$5),Processed_Data!$R$2:$R$282,IF($B$6="All","*",$B$6),Processed_Data!$N$2:$N$282,IF($B$7="All","*",$B$7))/COUNTIFS(Processed_Data!$C$2:$C$282,O5,Processed_Data!$F$2:$F$282,IF($B$3="All","*",$B$3),Processed_Data!$G$2:$G$282,IF($B$4="All","*",$B$4),Processed_Data!$H$2:$H$282,IF($B$5="All","*",$B$5),Processed_Data!$R$2:$R$282,IF($B$6="All","*",$B$6),Processed_Data!$N$2:$N$282,IF($B$7="All","*",$B$7)),0)) -> 0.41975309 | Q5: =IF(OR(AND($B$2<>"All",$B$2<>O5),AND($B$7<>"All",$B$7<>"Mid Range")),0,IFERROR(COUNTIFS(Processed_Data!$C$2:$C$282,O5,Processed_Data!$N$2:$N$282,"Mid Range",Processed_Data!$F$2:$F$282,IF($B$3="All","*",$B$3),Processed_Data!$G$2:$G$282,IF($B$4="All","*",$B$4),Processed_Data!$H$2:$H$282,IF($B$5="All","*",$B$5),Processed_Data!$R$2:$R$282,IF($B$6="All","*",$B$6),Processed_Data!$N$2:$N$282,IF($B$7="All","*",$B$7))/COUNTIFS(Processed_Data!$C$2:$C$282,O5,Processed_Data!$F$2:$F$282,IF($B$3="All","*",$B$3),Processed_Data!$G$2:$G$282,IF($B$4="All","*",$B$4),Processed_Data!$H$2:$H$282,IF($B$5="All","*",$B$5),Processed_Data!$R$2:$R$282,IF($B$6="All","*",$B$6),Processed_Data!$N$2:$N$282,IF($B$7="All","*",$B$7)),0)) -> 0.28395062 | R5: =IF(OR(AND($B$2<>"All",$B$2<>O5),AND($B$7<>"All",$B$7<>"Premium")),0,IFERROR(COUNTIFS(Processed_Data!$C$2:$C$282,O5,Processed_Data!$N$2:$N$282,"Premium",Processed_Data!$F$2:$F$282,IF($B$3="All","*",$B$3),Processed_Data!$G$2:$G$282,IF($B$4="All","*",$B$4),Processed_Data!$H$2:$H$282,IF($B$5="All","*",$B$5),Processed_Data!$R$2:$R$282,IF($B$6="All","*",$B$6),Processed_Data!$N$2:$N$282,IF($B$7="All","*",$B$7))/COUNTIFS(Processed_Data!$C$2:$C$282,O5,Processed_Data!$F$2:$F$282,IF($B$3="All","*",$B$3),Processed_Data!$G$2:$G$282,IF($B$4="All","*",$B$4),Processed_Data!$H$2:$H$282,IF($B$5="All","*",$B$5),Processed_Data!$R$2:$R$282,IF($B$6="All","*",$B$6),Processed_Data!$N$2:$N$282,IF($B$7="All","*",$B$7)),0)) -> 0.098765432 | S5: =IF(OR(AND($B$2<>"All",$B$2<>O5),AND($B$7<>"All",$B$7<>"Luxury")),0,IFERROR(COUNTIFS(Processed_Data!$C$2:$C$282,O5,Processed_Data!$N$2:$N$282,"Luxury",Processed_Data!$F$2:$F$282,IF($B$3="All","*",$B$3),Processed_Data!$G$2:$G$282,IF($B$4="All","*",$B$4),Processed_Data!$H$2:$H$282,IF($B$5="All","*",$B$5),Processed_Data!$R$2:$R$282,IF($B$6="All","*",$B$6),Processed_Data!$N$2:$N$282,IF($B$7="All","*",$B$7))/COUNTIFS(Processed_Data!$C$2:$C$282,O5,Processed_Data!$F$2:$F$282,IF($B$3="All","*",$B$3),Processed_Data!$G$2:$G$282,IF($B$4="All","*",$B$4),Processed_Data!$H$2:$H$282,IF($B$5="All","*",$B$5),Processed_Data!$R$2:$R$282,IF($B$6="All","*",$B$6),Processed_Data!$N$2:$N$282,IF($B$7="All","*",$B$7)),0)) -> 0.19753086 | U5: =IF(AND($AB5=1,Processed_Data!C5="J."),Processed_Data!J5,NA()) -> 6900 | V5: =IF(AND($AB5=1,Processed_Data!C5="J."),Processed_Data!L5/100,NA()) -> 0 | W5: =IF(AND($AB5=1,Processed_Data!C5="Maria.B"),Processed_Data!J5,NA()) -> #N/A | X5: =IF(AND($AB5=1,Processed_Data!C5="Maria.B"),Processed_Data!L5/100,NA()) -> #N/A | Y5: =IF(AND($AB5=1,Processed_Data!C5="Sana Safinaz"),Processed_Data!J5,NA()) -> #N/A | Z5: =IF(AND($AB5=1,Processed_Data!C5="Sana Safinaz"),Processed_Data!L5/100,NA()) -> #N/A | AB5: =--AND(OR($B$2="All",Processed_Data!C5=$B$2),OR($B$3="All",Processed_Data!F5=$B$3),OR($B$4="All",Processed_Data!G5=$B$4),OR($B$5="All",Processed_Data!H5=$B$5),OR($B$6="All",Processed_Data!R5=$B$6),OR($B$7="All",Processed_Data!N5=$B$7)) -> 1 | AC5: =IF($AB5=1,Processed_Data!J5,"") -> 6900 | AD5: =IF($AB5=1,Processed_Data!L5,0) -> 0 | AE5: =IF($AB5=1,--(Processed_Data!M5="On Sale"),0) -> 0 | AF5: =IF(AND($AB5=1,Processed_Data!C5="J."),Processed_Data!J5,"") -> 6900 | AG5: =IF(AND($AB5=1,Processed_Data!C5="Maria.B"),Processed_Data!J5,"") | AH5: =IF(AND($AB5=1,Processed_Data!C5="Sana Safinaz"),Processed_Data!J5,"") | AI5: =IF(AND($AB5=1,Processed_Data!C5="J."),Processed_Data!L5,0) -> 0 | AJ5: =IF(AND($AB5=1,Processed_Data!C5="Maria.B"),Processed_Data!L5,0) -> 0 | AK5: =IF(AND($AB5=1,Processed_Data!C5="Sana Safinaz"),Processed_Data!L5,0) -> 0
A6: Availability | B6: =Dashboard!B24 -> All | D6: Average Discount | E6: =IFERROR(SUM(AD2:AD282)/SUM(AB2:AB282)/100,0) -> 0.046186121 | L6: Luxury Pret | M6: =IF(AND($B$3<>"All",$B$3<>L6),0,COUNTIFS(Processed_Data!$F$2:$F$282,L6,Processed_Data!$C$2:$C$282,IF($B$2="All","*",$B$2),Processed_Data!$G$2:$G$282,IF($B$4="All","*",$B$4),Processed_Data!$H$2:$H$282,IF($B$5="All","*",$B$5),Processed_Data!$R$2:$R$282,IF($B$6="All","*",$B$6),Processed_Data!$N$2:$N$282,IF($B$7="All","*",$B$7))) -> 50 | U6: =IF(AND($AB6=1,Processed_Data!C6="J."),Processed_Data!J6,NA()) -> 4500 | V6: =IF(AND($AB6=1,Processed_Data!C6="J."),Processed_Data!L6/100,NA()) -> 0 | W6: =IF(AND($AB6=1,Processed_Data!C6="Maria.B"),Processed_Data!J6,NA()) -> #N/A | X6: =IF(AND($AB6=1,Processed_Data!C6="Maria.B"),Processed_Data!L6/100,NA()) -> #N/A | Y6: =IF(AND($AB6=1,Processed_Data!C6="Sana Safinaz"),Processed_Data!J6,NA()) -> #N/A | Z6: =IF(AND($AB6=1,Processed_Data!C6="Sana Safinaz"),Processed_Data!L6/100,NA()) -> #N/A | AB6: =--AND(OR($B$2="All",Processed_Data!C6=$B$2),OR($B$3="All",Processed_Data!F6=$B$3),OR($B$4="All",Processed_Data!G6=$B$4),OR($B$5="All",Processed_Data!H6=$B$5),OR($B$6="All",Processed_Data!R6=$B$6),OR($B$7="All",Processed_Data!N6=$B$7)) -> 1 | AC6: =IF($AB6=1,Processed_Data!J6,"") -> 4500 | AD6: =IF($AB6=1,Processed_Data!L6,0) -> 0 | AE6: =IF($AB6=1,--(Processed_Data!M6="On Sale"),0) -> 0 | AF6: =IF(AND($AB6=1,Processed_Data!C6="J."),Processed_Data!J6,"") -> 4500 | AG6: =IF(AND($AB6=1,Processed_Data!C6="Maria.B"),Processed_Data!J6,"") | AH6: =IF(AND($AB6=1,Processed_Data!C6="Sana Safinaz"),Processed_Data!J6,"") | AI6: =IF(AND($AB6=1,Processed_Data!C6="J."),Processed_Data!L6,0) -> 0 | AJ6: =IF(AND($AB6=1,Processed_Data!C6="Maria.B"),Processed_Data!L6,0) -> 0 | AK6: =IF(AND($AB6=1,Processed_Data!C6="Sana Safinaz"),Processed_Data!L6,0) -> 0
A7: Price Segment | B7: =Dashboard!B28 -> All | D7: Categories | E7: =COUNTIF(M3:M7,">0") -> 5 | L7: Stitched | M7: =IF(AND($B$3<>"All",$B$3<>L7),0,COUNTIFS(Processed_Data!$F$2:$F$282,L7,Processed_Data!$C$2:$C$282,IF($B$2="All","*",$B$2),Processed_Data!$G$2:$G$282,IF($B$4="All","*",$B$4),Processed_Data!$H$2:$H$282,IF($B$5="All","*",$B$5),Processed_Data!$R$2:$R$282,IF($B$6="All","*",$B$6),Processed_Data!$N$2:$N$282,IF($B$7="All","*",$B$7))) -> 25 | U7: =IF(AND($AB7=1,Processed_Data!C7="J."),Processed_Data!J7,NA()) -> 5500 | V7: =IF(AND($AB7=1,Processed_Data!C7="J."),Processed_Data!L7/100,NA()) -> 0 | W7: =IF(AND($AB7=1,Processed_Data!C7="Maria.B"),Processed_Data!J7,NA()) -> #N/A | X7: =IF(AND($AB7=1,Processed_Data!C7="Maria.B"),Processed_Data!L7/100,NA()) -> #N/A | Y7: =IF(AND($AB7=1,Processed_Data!C7="Sana Safinaz"),Processed_Data!J7,NA()) -> #N/A | Z7: =IF(AND($AB7=1,Processed_Data!C7="Sana Safinaz"),Processed_Data!L7/100,NA()) -> #N/A | AB7: =--AND(OR($B$2="All",Processed_Data!C7=$B$2),OR($B$3="All",Processed_Data!F7=$B$3),OR($B$4="All",Processed_Data!G7=$B$4),OR($B$5="All",Processed_Data!H7=$B$5),OR($B$6="All",Processed_Data!R7=$B$6),OR($B$7="All",Processed_Data!N7=$B$7)) -> 1 | AC7: =IF($AB7=1,Processed_Data!J7,"") -> 5500 | AD7: =IF($AB7=1,Processed_Data!L7,0) -> 0 | AE7: =IF($AB7=1,--(Processed_Data!M7="On Sale"),0) -> 0 | AF7: =IF(AND($AB7=1,Processed_Data!C7="J."),Processed_Data!J7,"") -> 5500 | AG7: =IF(AND($AB7=1,Processed_Data!C7="Maria.B"),Processed_Data!J7,"") | AH7: =IF(AND($AB7=1,Processed_Data!C7="Sana Safinaz"),Processed_Data!J7,"") | AI7: =IF(AND($AB7=1,Processed_Data!C7="J."),Processed_Data!L7,0) -> 0 | AJ7: =IF(AND($AB7=1,Processed_Data!C7="Maria.B"),Processed_Data!L7,0) -> 0 | AK7: =IF(AND($AB7=1,Processed_Data!C7="Sana Safinaz"),Processed_Data!L7,0) -> 0
D8: Sale Products % | E8: =IFERROR(SUM(AE2:AE282)/SUM(AB2:AB282),0) -> 0.13879004 | U8: =IF(AND($AB8=1,Processed_Data!C8="J."),Processed_Data!J8,NA()) -> 5500 | V8: =IF(AND($AB8=1,Processed_Data!C8="J."),Processed_Data!L8/100,NA()) -> 0 | W8: =IF(AND($AB8=1,Processed_Data!C8="Maria.B"),Processed_Data!J8,NA()) -> #N/A | X8: =IF(AND($AB8=1,Processed_Data!C8="Maria.B"),Processed_Data!L8/100,NA()) -> #N/A | Y8: =IF(AND($AB8=1,Processed_Data!C8="Sana Safinaz"),Processed_Data!J8,NA()) -> #N/A | Z8: =IF(AND($AB8=1,Processed_Data!C8="Sana Safinaz"),Processed_Data!L8/100,NA()) -> #N/A | AB8: =--AND(OR($B$2="All",Processed_Data!C8=$B$2),OR($B$3="All",Processed_Data!F8=$B$3),OR($B$4="All",Processed_Data!G8=$B$4),OR($B$5="All",Processed_Data!H8=$B$5),OR($B$6="All",Processed_Data!R8=$B$6),OR($B$7="All",Processed_Data!N8=$B$7)) -> 1 | AC8: =IF($AB8=1,Processed_Data!J8,"") -> 5500 | AD8: =IF($AB8=1,Processed_Data!L8,0) -> 0 | AE8: =IF($AB8=1,--(Processed_Data!M8="On Sale"),0) -> 0 | AF8: =IF(AND($AB8=1,Processed_Data!C8="J."),Processed_Data!J8,"") -> 5500 | AG8: =IF(AND($AB8=1,Processed_Data!C8="Maria.B"),Processed_Data!J8,"") | AH8: =IF(AND($AB8=1,Processed_Data!C8="Sana Safinaz"),Processed_Data!J8,"") | AI8: =IF(AND($AB8=1,Processed_Data!C8="J."),Processed_Data!L8,0) -> 0 | AJ8: =IF(AND($AB8=1,Processed_Data!C8="Maria.B"),Processed_Data!L8,0) -> 0 | AK8: =IF(AND($AB8=1,Processed_Data!C8="Sana Safinaz"),Processed_Data!L8,0) -> 0
D9: Brand Score | E9: =IFERROR(MAX(J3:J5),0) -> 81.18 | U9: =IF(AND($AB9=1,Processed_Data!C9="J."),Processed_Data!J9,NA()) -> 5900 | V9: =IF(AND($AB9=1,Processed_Data!C9="J."),Processed_Data!L9/100,NA()) -> 0 | W9: =IF(AND($AB9=1,Processed_Data!C9="Maria.B"),Processed_Data!J9,NA()) -> #N/A | X9: =IF(AND($AB9=1,Processed_Data!C9="Maria.B"),Processed_Data!L9/100,NA()) -> #N/A | Y9: =IF(AND($AB9=1,Processed_Data!C9="Sana Safinaz"),Processed_Data!J9,NA()) -> #N/A | Z9: =IF(AND($AB9=1,Processed_Data!C9="Sana Safinaz"),Processed_Data!L9/100,NA()) -> #N/A | AB9: =--AND(OR($B$2="All",Processed_Data!C9=$B$2),OR($B$3="All",Processed_Data!F9=$B$3),OR($B$4="All",Processed_Data!G9=$B$4),OR($B$5="All",Processed_Data!H9=$B$5),OR($B$6="All",Processed_Data!R9=$B$6),OR($B$7="All",Processed_Data!N9=$B$7)) -> 1 | AC9: =IF($AB9=1,Processed_Data!J9,"") -> 5900 | AD9: =IF($AB9=1,Processed_Data!L9,0) -> 0 | AE9: =IF($AB9=1,--(Processed_Data!M9="On Sale"),0) -> 0 | AF9: =IF(AND($AB9=1,Processed_Data!C9="J."),Processed_Data!J9,"") -> 5900 | AG9: =IF(AND($AB9=1,Processed_Data!C9="Maria.B"),Processed_Data!J9,"") | AH9: =IF(AND($AB9=1,Processed_Data!C9="Sana Safinaz"),Processed_Data!J9,"") | AI9: =IF(AND($AB9=1,Processed_Data!C9="J."),Processed_Data!L9,0) -> 0 | AJ9: =IF(AND($AB9=1,Processed_Data!C9="Maria.B"),Processed_Data!L9,0) -> 0 | AK9: =IF(AND($AB9=1,Processed_Data!C9="Sana Safinaz"),Processed_Data!L9,0) -> 0
U10: =IF(AND($AB10=1,Processed_Data!C10="J."),Processed_Data!J10,NA()) -> 5900 | V10: =IF(AND($AB10=1,Processed_Data!C10="J."),Processed_Data!L10/100,NA()) -> 0 | W10: =IF(AND($AB10=1,Processed_Data!C10="Maria.B"),Processed_Data!J10,NA()) -> #N/A | X10: =IF(AND($AB10=1,Processed_Data!C10="Maria.B"),Processed_Data!L10/100,NA()) -> #N/A | Y10: =IF(AND($AB10=1,Processed_Data!C10="Sana Safinaz"),Processed_Data!J10,NA()) -> #N/A | Z10: =IF(AND($AB10=1,Processed_Data!C10="Sana Safinaz"),Processed_Data!L10/100,NA()) -> #N/A | AB10: =--AND(OR($B$2="All",Processed_Data!C10=$B$2),OR($B$3="All",Processed_Data!F10=$B$3),OR($B$4="All",Processed_Data!G10=$B$4),OR($B$5="All",Processed_Data!H10=$B$5),OR($B$6="All",Processed_Data!R10=$B$6),OR($B$7="All",Processed_Data!N10=$B$7)) -> 1 | AC10: =IF($AB10=1,Processed_Data!J10,"") -> 5900 | AD10: =IF($AB10=1,Processed_Data!L10,0) -> 0 | AE10: =IF($AB10=1,--(Processed_Data!M10="On Sale"),0) -> 0 | AF10: =IF(AND($AB10=1,Processed_Data!C10="J."),Processed_Data!J10,"") -> 5900 | AG10: =IF(AND($AB10=1,Processed_Data!C10="Maria.B"),Processed_Data!J10,"") | AH10: =IF(AND($AB10=1,Processed_Data!C10="Sana Safinaz"),Processed_Data!J10,"") | AI10: =IF(AND($AB10=1,Processed_Data!C10="J."),Processed_Data!L10,0) -> 0 | AJ10: =IF(AND($AB10=1,Processed_Data!C10="Maria.B"),Processed_Data!L10,0) -> 0 | AK10: =IF(AND($AB10=1,Processed_Data!C10="Sana Safinaz"),Processed_Data!L10,0) -> 0
U11: =IF(AND($AB11=1,Processed_Data!C11="J."),Processed_Data!J11,NA()) -> 5900 | V11: =IF(AND($AB11=1,Processed_Data!C11="J."),Processed_Data!L11/100,NA()) -> 0 | W11: =IF(AND($AB11=1,Processed_Data!C11="Maria.B"),Processed_Data!J11,NA()) -> #N/A | X11: =IF(AND($AB11=1,Processed_Data!C11="Maria.B"),Processed_Data!L11/100,NA()) -> #N/A | Y11: =IF(AND($AB11=1,Processed_Data!C11="Sana Safinaz"),Processed_Data!J11,NA()) -> #N/A | Z11: =IF(AND($AB11=1,Processed_Data!C11="Sana Safinaz"),Processed_Data!L11/100,NA()) -> #N/A | AB11: =--AND(OR($B$2="All",Processed_Data!C11=$B$2),OR($B$3="All",Processed_Data!F11=$B$3),OR($B$4="All",Processed_Data!G11=$B$4),OR($B$5="All",Processed_Data!H11=$B$5),OR($B$6="All",Processed_Data!R11=$B$6),OR($B$7="All",Processed_Data!N11=$B$7)) -> 1 | AC11: =IF($AB11=1,Processed_Data!J11,"") -> 5900 | AD11: =IF($AB11=1,Processed_Data!L11,0) -> 0 | AE11: =IF($AB11=1,--(Processed_Data!M11="On Sale"),0) -> 0 | AF11: =IF(AND($AB11=1,Processed_Data!C11="J."),Processed_Data!J11,"") -> 5900 | AG11: =IF(AND($AB11=1,Processed_Data!C11="Maria.B"),Processed_Data!J11,"") | AH11: =IF(AND($AB11=1,Processed_Data!C11="Sana Safinaz"),Processed_Data!J11,"") | AI11: =IF(AND($AB11=1,Processed_Data!C11="J."),Processed_Data!L11,0) -> 0 | AJ11: =IF(AND($AB11=1,Processed_Data!C11="Maria.B"),Processed_Data!L11,0) -> 0 | AK11: =IF(AND($AB11=1,Processed_Data!C11="Sana Safinaz"),Processed_Data!L11,0) -> 0
U12: =IF(AND($AB12=1,Processed_Data!C12="J."),Processed_Data!J12,NA()) -> 4990 | V12: =IF(AND($AB12=1,Processed_Data!C12="J."),Processed_Data!L12/100,NA()) -> 0 | W12: =IF(AND($AB12=1,Processed_Data!C12="Maria.B"),Processed_Data!J12,NA()) -> #N/A | X12: =IF(AND($AB12=1,Processed_Data!C12="Maria.B"),Processed_Data!L12/100,NA()) -> #N/A | Y12: =IF(AND($AB12=1,Processed_Data!C12="Sana Safinaz"),Processed_Data!J12,NA()) -> #N/A | Z12: =IF(AND($AB12=1,Processed_Data!C12="Sana Safinaz"),Processed_Data!L12/100,NA()) -> #N/A | AB12: =--AND(OR($B$2="All",Processed_Data!C12=$B$2),OR($B$3="All",Processed_Data!F12=$B$3),OR($B$4="All",Processed_Data!G12=$B$4),OR($B$5="All",Processed_Data!H12=$B$5),OR($B$6="All",Processed_Data!R12=$B$6),OR($B$7="All",Processed_Data!N12=$B$7)) -> 1 | AC12: =IF($AB12=1,Processed_Data!J12,"") -> 4990 | AD12: =IF($AB12=1,Processed_Data!L12,0) -> 0 | AE12: =IF($AB12=1,--(Processed_Data!M12="On Sale"),0) -> 0 | AF12: =IF(AND($AB12=1,Processed_Data!C12="J."),Processed_Data!J12,"") -> 4990 | AG12: =IF(AND($AB12=1,Processed_Data!C12="Maria.B"),Processed_Data!J12,"") | AH12: =IF(AND($AB12=1,Processed_Data!C12="Sana Safinaz"),Processed_Data!J12,"") | AI12: =IF(AND($AB12=1,Processed_Data!C12="J."),Processed_Data!L12,0) -> 0 | AJ12: =IF(AND($AB12=1,Processed_Data!C12="Maria.B"),Processed_Data!L12,0) -> 0 | AK12: =IF(AND($AB12=1,Processed_Data!C12="Sana Safinaz"),Processed_Data!L12,0) -> 0
U13: =IF(AND($AB13=1,Processed_Data!C13="J."),Processed_Data!J13,NA()) -> 4990 | V13: =IF(AND($AB13=1,Processed_Data!C13="J."),Processed_Data!L13/100,NA()) -> 0 | W13: =IF(AND($AB13=1,Processed_Data!C13="Maria.B"),Processed_Data!J13,NA()) -> #N/A | X13: =IF(AND($AB13=1,Processed_Data!C13="Maria.B"),Processed_Data!L13/100,NA()) -> #N/A | Y13: =IF(AND($AB13=1,Processed_Data!C13="Sana Safinaz"),Processed_Data!J13,NA()) -> #N/A | Z13: =IF(AND($AB13=1,Processed_Data!C13="Sana Safinaz"),Processed_Data!L13/100,NA()) -> #N/A | AB13: =--AND(OR($B$2="All",Processed_Data!C13=$B$2),OR($B$3="All",Processed_Data!F13=$B$3),OR($B$4="All",Processed_Data!G13=$B$4),OR($B$5="All",Processed_Data!H13=$B$5),OR($B$6="All",Processed_Data!R13=$B$6),OR($B$7="All",Processed_Data!N13=$B$7)) -> 1 | AC13: =IF($AB13=1,Processed_Data!J13,"") -> 4990 | AD13: =IF($AB13=1,Processed_Data!L13,0) -> 0 | AE13: =IF($AB13=1,--(Processed_Data!M13="On Sale"),0) -> 0 | AF13: =IF(AND($AB13=1,Processed_Data!C13="J."),Processed_Data!J13,"") -> 4990 | AG13: =IF(AND($AB13=1,Processed_Data!C13="Maria.B"),Processed_Data!J13,"") | AH13: =IF(AND($AB13=1,Processed_Data!C13="Sana Safinaz"),Processed_Data!J13,"") | AI13: =IF(AND($AB13=1,Processed_Data!C13="J."),Processed_Data!L13,0) -> 0 | AJ13: =IF(AND($AB13=1,Processed_Data!C13="Maria.B"),Processed_Data!L13,0) -> 0 | AK13: =IF(AND($AB13=1,Processed_Data!C13="Sana Safinaz"),Processed_Data!L13,0) -> 0
U14: =IF(AND($AB14=1,Processed_Data!C14="J."),Processed_Data!J14,NA()) -> 4990 | V14: =IF(AND($AB14=1,Processed_Data!C14="J."),Processed_Data!L14/100,NA()) -> 0 | W14: =IF(AND($AB14=1,Processed_Data!C14="Maria.B"),Processed_Data!J14,NA()) -> #N/A | X14: =IF(AND($AB14=1,Processed_Data!C14="Maria.B"),Processed_Data!L14/100,NA()) -> #N/A | Y14: =IF(AND($AB14=1,Processed_Data!C14="Sana Safinaz"),Processed_Data!J14,NA()) -> #N/A | Z14: =IF(AND($AB14=1,Processed_Data!C14="Sana Safinaz"),Processed_Data!L14/100,NA()) -> #N/A | AB14: =--AND(OR($B$2="All",Processed_Data!C14=$B$2),OR($B$3="All",Processed_Data!F14=$B$3),OR($B$4="All",Processed_Data!G14=$B$4),OR($B$5="All",Processed_Data!H14=$B$5),OR($B$6="All",Processed_Data!R14=$B$6),OR($B$7="All",Processed_Data!N14=$B$7)) -> 1 | AC14: =IF($AB14=1,Processed_Data!J14,"") -> 4990 | AD14: =IF($AB14=1,Processed_Data!L14,0) -> 0 | AE14: =IF($AB14=1,--(Processed_Data!M14="On Sale"),0) -> 0 | AF14: =IF(AND($AB14=1,Processed_Data!C14="J."),Processed_Data!J14,"") -> 4990 | AG14: =IF(AND($AB14=1,Processed_Data!C14="Maria.B"),Processed_Data!J14,"") | AH14: =IF(AND($AB14=1,Processed_Data!C14="Sana Safinaz"),Processed_Data!J14,"") | AI14: =IF(AND($AB14=1,Processed_Data!C14="J."),Processed_Data!L14,0) -> 0 | AJ14: =IF(AND($AB14=1,Processed_Data!C14="Maria.B"),Processed_Data!L14,0) -> 0 | AK14: =IF(AND($AB14=1,Processed_Data!C14="Sana Safinaz"),Processed_Data!L14,0) -> 0
U15: =IF(AND($AB15=1,Processed_Data!C15="J."),Processed_Data!J15,NA()) -> 4990 | V15: =IF(AND($AB15=1,Processed_Data!C15="J."),Processed_Data!L15/100,NA()) -> 0 | W15: =IF(AND($AB15=1,Processed_Data!C15="Maria.B"),Processed_Data!J15,NA()) -> #N/A | X15: =IF(AND($AB15=1,Processed_Data!C15="Maria.B"),Processed_Data!L15/100,NA()) -> #N/A | Y15: =IF(AND($AB15=1,Processed_Data!C15="Sana Safinaz"),Processed_Data!J15,NA()) -> #N/A | Z15: =IF(AND($AB15=1,Processed_Data!C15="Sana Safinaz"),Processed_Data!L15/100,NA()) -> #N/A | AB15: =--AND(OR($B$2="All",Processed_Data!C15=$B$2),OR($B$3="All",Processed_Data!F15=$B$3),OR($B$4="All",Processed_Data!G15=$B$4),OR($B$5="All",Processed_Data!H15=$B$5),OR($B$6="All",Processed_Data!R15=$B$6),OR($B$7="All",Processed_Data!N15=$B$7)) -> 1 | AC15: =IF($AB15=1,Processed_Data!J15,"") -> 4990 | AD15: =IF($AB15=1,Processed_Data!L15,0) -> 0 | AE15: =IF($AB15=1,--(Processed_Data!M15="On Sale"),0) -> 0 | AF15: =IF(AND($AB15=1,Processed_Data!C15="J."),Processed_Data!J15,"") -> 4990 | AG15: =IF(AND($AB15=1,Processed_Data!C15="Maria.B"),Processed_Data!J15,"") | AH15: =IF(AND($AB15=1,Processed_Data!C15="Sana Safinaz"),Processed_Data!J15,"") | AI15: =IF(AND($AB15=1,Processed_Data!C15="J."),Processed_Data!L15,0) -> 0 | AJ15: =IF(AND($AB15=1,Processed_Data!C15="Maria.B"),Processed_Data!L15,0) -> 0 | AK15: =IF(AND($AB15=1,Processed_Data!C15="Sana Safinaz"),Processed_Data!L15,0) -> 0
U16: =IF(AND($AB16=1,Processed_Data!C16="J."),Processed_Data!J16,NA()) -> 6990 | V16: =IF(AND($AB16=1,Processed_Data!C16="J."),Processed_Data!L16/100,NA()) -> 0 | W16: =IF(AND($AB16=1,Processed_Data!C16="Maria.B"),Processed_Data!J16,NA()) -> #N/A | X16: =IF(AND($AB16=1,Processed_Data!C16="Maria.B"),Processed_Data!L16/100,NA()) -> #N/A | Y16: =IF(AND($AB16=1,Processed_Data!C16="Sana Safinaz"),Processed_Data!J16,NA()) -> #N/A | Z16: =IF(AND($AB16=1,Processed_Data!C16="Sana Safinaz"),Processed_Data!L16/100,NA()) -> #N/A | AB16: =--AND(OR($B$2="All",Processed_Data!C16=$B$2),OR($B$3="All",Processed_Data!F16=$B$3),OR($B$4="All",Processed_Data!G16=$B$4),OR($B$5="All",Processed_Data!H16=$B$5),OR($B$6="All",Processed_Data!R16=$B$6),OR($B$7="All",Processed_Data!N16=$B$7)) -> 1 | AC16: =IF($AB16=1,Processed_Data!J16,"") -> 6990 | AD16: =IF($AB16=1,Processed_Data!L16,0) -> 0 | AE16: =IF($AB16=1,--(Processed_Data!M16="On Sale"),0) -> 0 | AF16: =IF(AND($AB16=1,Processed_Data!C16="J."),Processed_Data!J16,"") -> 6990 | AG16: =IF(AND($AB16=1,Processed_Data!C16="Maria.B"),Processed_Data!J16,"") | AH16: =IF(AND($AB16=1,Processed_Data!C16="Sana Safinaz"),Processed_Data!J16,"") | AI16: =IF(AND($AB16=1,Processed_Data!C16="J."),Processed_Data!L16,0) -> 0 | AJ16: =IF(AND($AB16=1,Processed_Data!C16="Maria.B"),Processed_Data!L16,0) -> 0 | AK16: =IF(AND($AB16=1,Processed_Data!C16="Sana Safinaz"),Processed_Data!L16,0) -> 0
U17: =IF(AND($AB17=1,Processed_Data!C17="J."),Processed_Data!J17,NA()) -> 6990 | V17: =IF(AND($AB17=1,Processed_Data!C17="J."),Processed_Data!L17/100,NA()) -> 0 | W17: =IF(AND($AB17=1,Processed_Data!C17="Maria.B"),Processed_Data!J17,NA()) -> #N/A | X17: =IF(AND($AB17=1,Processed_Data!C17="Maria.B"),Processed_Data!L17/100,NA()) -> #N/A | Y17: =IF(AND($AB17=1,Processed_Data!C17="Sana Safinaz"),Processed_Data!J17,NA()) -> #N/A | Z17: =IF(AND($AB17=1,Processed_Data!C17="Sana Safinaz"),Processed_Data!L17/100,NA()) -> #N/A | AB17: =--AND(OR($B$2="All",Processed_Data!C17=$B$2),OR($B$3="All",Processed_Data!F17=$B$3),OR($B$4="All",Processed_Data!G17=$B$4),OR($B$5="All",Processed_Data!H17=$B$5),OR($B$6="All",Processed_Data!R17=$B$6),OR($B$7="All",Processed_Data!N17=$B$7)) -> 1 | AC17: =IF($AB17=1,Processed_Data!J17,"") -> 6990 | AD17: =IF($AB17=1,Processed_Data!L17,0) -> 0 | AE17: =IF($AB17=1,--(Processed_Data!M17="On Sale"),0) -> 0 | AF17: =IF(AND($AB17=1,Processed_Data!C17="J."),Processed_Data!J17,"") -> 6990 | AG17: =IF(AND($AB17=1,Processed_Data!C17="Maria.B"),Processed_Data!J17,"") | AH17: =IF(AND($AB17=1,Processed_Data!C17="Sana Safinaz"),Processed_Data!J17,"") | AI17: =IF(AND($AB17=1,Processed_Data!C17="J."),Processed_Data!L17,0) -> 0 | AJ17: =IF(AND($AB17=1,Processed_Data!C17="Maria.B"),Processed_Data!L17,0) -> 0 | AK17: =IF(AND($AB17=1,Processed_Data!C17="Sana Safinaz"),Processed_Data!L17,0) -> 0
U18: =IF(AND($AB18=1,Processed_Data!C18="J."),Processed_Data!J18,NA()) -> 6990 | V18: =IF(AND($AB18=1,Processed_Data!C18="J."),Processed_Data!L18/100,NA()) -> 0 | W18: =IF(AND($AB18=1,Processed_Data!C18="Maria.B"),Processed_Data!J18,NA()) -> #N/A | X18: =IF(AND($AB18=1,Processed_Data!C18="Maria.B"),Processed_Data!L18/100,NA()) -> #N/A | Y18: =IF(AND($AB18=1,Processed_Data!C18="Sana Safinaz"),Processed_Data!J18,NA()) -> #N/A | Z18: =IF(AND($AB18=1,Processed_Data!C18="Sana Safinaz"),Processed_Data!L18/100,NA()) -> #N/A | AB18: =--AND(OR($B$2="All",Processed_Data!C18=$B$2),OR($B$3="All",Processed_Data!F18=$B$3),OR($B$4="All",Processed_Data!G18=$B$4),OR($B$5="All",Processed_Data!H18=$B$5),OR($B$6="All",Processed_Data!R18=$B$6),OR($B$7="All",Processed_Data!N18=$B$7)) -> 1 | AC18: =IF($AB18=1,Processed_Data!J18,"") -> 6990 | AD18: =IF($AB18=1,Processed_Data!L18,0) -> 0 | AE18: =IF($AB18=1,--(Processed_Data!M18="On Sale"),0) -> 0 | AF18: =IF(AND($AB18=1,Processed_Data!C18="J."),Processed_Data!J18,"") -> 6990 | AG18: =IF(AND($AB18=1,Processed_Data!C18="Maria.B"),Processed_Data!J18,"") | AH18: =IF(AND($AB18=1,Processed_Data!C18="Sana Safinaz"),Processed_Data!J18,"") | AI18: =IF(AND($AB18=1,Processed_Data!C18="J."),Processed_Data!L18,0) -> 0 | AJ18: =IF(AND($AB18=1,Processed_Data!C18="Maria.B"),Processed_Data!L18,0) -> 0 | AK18: =IF(AND($AB18=1,Processed_Data!C18="Sana Safinaz"),Processed_Data!L18,0) -> 0
U19: =IF(AND($AB19=1,Processed_Data!C19="J."),Processed_Data!J19,NA()) -> 6990 | V19: =IF(AND($AB19=1,Processed_Data!C19="J."),Processed_Data!L19/100,NA()) -> 0 | W19: =IF(AND($AB19=1,Processed_Data!C19="Maria.B"),Processed_Data!J19,NA()) -> #N/A | X19: =IF(AND($AB19=1,Processed_Data!C19="Maria.B"),Processed_Data!L19/100,NA()) -> #N/A | Y19: =IF(AND($AB19=1,Processed_Data!C19="Sana Safinaz"),Processed_Data!J19,NA()) -> #N/A | Z19: =IF(AND($AB19=1,Processed_Data!C19="Sana Safinaz"),Processed_Data!L19/100,NA()) -> #N/A | AB19: =--AND(OR($B$2="All",Processed_Data!C19=$B$2),OR($B$3="All",Processed_Data!F19=$B$3),OR($B$4="All",Processed_Data!G19=$B$4),OR($B$5="All",Processed_Data!H19=$B$5),OR($B$6="All",Processed_Data!R19=$B$6),OR($B$7="All",Processed_Data!N19=$B$7)) -> 1 | AC19: =IF($AB19=1,Processed_Data!J19,"") -> 6990 | AD19: =IF($AB19=1,Processed_Data!L19,0) -> 0 | AE19: =IF($AB19=1,--(Processed_Data!M19="On Sale"),0) -> 0 | AF19: =IF(AND($AB19=1,Processed_Data!C19="J."),Processed_Data!J19,"") -> 6990 | AG19: =IF(AND($AB19=1,Processed_Data!C19="Maria.B"),Processed_Data!J19,"") | AH19: =IF(AND($AB19=1,Processed_Data!C19="Sana Safinaz"),Processed_Data!J19,"") | AI19: =IF(AND($AB19=1,Processed_Data!C19="J."),Processed_Data!L19,0) -> 0 | AJ19: =IF(AND($AB19=1,Processed_Data!C19="Maria.B"),Processed_Data!L19,0) -> 0 | AK19: =IF(AND($AB19=1,Processed_Data!C19="Sana Safinaz"),Processed_Data!L19,0) -> 0
U20: =IF(AND($AB20=1,Processed_Data!C20="J."),Processed_Data!J20,NA()) -> 5990 | V20: =IF(AND($AB20=1,Processed_Data!C20="J."),Processed_Data!L20/100,NA()) -> 0 | W20: =IF(AND($AB20=1,Processed_Data!C20="Maria.B"),Processed_Data!J20,NA()) -> #N/A | X20: =IF(AND($AB20=1,Processed_Data!C20="Maria.B"),Processed_Data!L20/100,NA()) -> #N/A | Y20: =IF(AND($AB20=1,Processed_Data!C20="Sana Safinaz"),Processed_Data!J20,NA()) -> #N/A | Z20: =IF(AND($AB20=1,Processed_Data!C20="Sana Safinaz"),Processed_Data!L20/100,NA()) -> #N/A | AB20: =--AND(OR($B$2="All",Processed_Data!C20=$B$2),OR($B$3="All",Processed_Data!F20=$B$3),OR($B$4="All",Processed_Data!G20=$B$4),OR($B$5="All",Processed_Data!H20=$B$5),OR($B$6="All",Processed_Data!R20=$B$6),OR($B$7="All",Processed_Data!N20=$B$7)) -> 1 | AC20: =IF($AB20=1,Processed_Data!J20,"") -> 5990 | AD20: =IF($AB20=1,Processed_Data!L20,0) -> 0 | AE20: =IF($AB20=1,--(Processed_Data!M20="On Sale"),0) -> 0 | AF20: =IF(AND($AB20=1,Processed_Data!C20="J."),Processed_Data!J20,"") -> 5990 | AG20: =IF(AND($AB20=1,Processed_Data!C20="Maria.B"),Processed_Data!J20,"") | AH20: =IF(AND($AB20=1,Processed_Data!C20="Sana Safinaz"),Processed_Data!J20,"") | AI20: =IF(AND($AB20=1,Processed_Data!C20="J."),Processed_Data!L20,0) -> 0 | AJ20: =IF(AND($AB20=1,Processed_Data!C20="Maria.B"),Processed_Data!L20,0) -> 0 | AK20: =IF(AND($AB20=1,Processed_Data!C20="Sana Safinaz"),Processed_Data!L20,0) -> 0
U21: =IF(AND($AB21=1,Processed_Data!C21="J."),Processed_Data!J21,NA()) -> 5990 | V21: =IF(AND($AB21=1,Processed_Data!C21="J."),Processed_Data!L21/100,NA()) -> 0 | W21: =IF(AND($AB21=1,Processed_Data!C21="Maria.B"),Processed_Data!J21,NA()) -> #N/A | X21: =IF(AND($AB21=1,Processed_Data!C21="Maria.B"),Processed_Data!L21/100,NA()) -> #N/A | Y21: =IF(AND($AB21=1,Processed_Data!C21="Sana Safinaz"),Processed_Data!J21,NA()) -> #N/A | Z21: =IF(AND($AB21=1,Processed_Data!C21="Sana Safinaz"),Processed_Data!L21/100,NA()) -> #N/A | AB21: =--AND(OR($B$2="All",Processed_Data!C21=$B$2),OR($B$3="All",Processed_Data!F21=$B$3),OR($B$4="All",Processed_Data!G21=$B$4),OR($B$5="All",Processed_Data!H21=$B$5),OR($B$6="All",Processed_Data!R21=$B$6),OR($B$7="All",Processed_Data!N21=$B$7)) -> 1 | AC21: =IF($AB21=1,Processed_Data!J21,"") -> 5990 | AD21: =IF($AB21=1,Processed_Data!L21,0) -> 0 | AE21: =IF($AB21=1,--(Processed_Data!M21="On Sale"),0) -> 0 | AF21: =IF(AND($AB21=1,Processed_Data!C21="J."),Processed_Data!J21,"") -> 5990 | AG21: =IF(AND($AB21=1,Processed_Data!C21="Maria.B"),Processed_Data!J21,"") | AH21: =IF(AND($AB21=1,Processed_Data!C21="Sana Safinaz"),Processed_Data!J21,"") | AI21: =IF(AND($AB21=1,Processed_Data!C21="J."),Processed_Data!L21,0) -> 0 | AJ21: =IF(AND($AB21=1,Processed_Data!C21="Maria.B"),Processed_Data!L21,0) -> 0 | AK21: =IF(AND($AB21=1,Processed_Data!C21="Sana Safinaz"),Processed_Data!L21,0) -> 0
... U282: =IF(AND($AB282=1,Processed_Data!C282="J."),Processed_Data!J282,NA()) -> #N/A | V282: =IF(AND($AB282=1,Processed_Data!C282="J."),Processed_Data!L282/100,NA()) -> #N/A | W282: =IF(AND($AB282=1,Processed_Data!C282="Maria.B"),Processed_Data!J282,NA()) -> #N/A | X282: =IF(AND($AB282=1,Processed_Data!C282="Maria.B"),Processed_Data!L282/100,NA()) -> #N/A | Y282: =IF(AND($AB282=1,Processed_Data!C282="Sana Safinaz"),Processed_Data!J282,NA()) -> 25000 | Z282: =IF(AND($AB282=1,Processed_Data!C282="Sana Safinaz"),Processed_Data!L282/100,NA()) -> 0.5784 | AB282: =--AND(OR($B$2="All",Processed_Data!C282=$B$2),OR($B$3="All",Processed_Data!F282=$B$3),OR($B$4="All",Processed_Data!G282=$B$4),OR($B$5="All",Processed_Data!H282=$B$5),OR($B$6="All",Processed_Data!R282=$B$6),OR($B$7="All",Processed_Data!N282=$B$7)) -> 1 | AC282: =IF($AB282=1,Processed_Data!J282,"") -> 25000 | AD282: =IF($AB282=1,Processed_Data!L282,0) -> 57.84 | AE282: =IF($AB282=1,--(Processed_Data!M282="On Sale"),0) -> 1 | AF282: =IF(AND($AB282=1,Processed_Data!C282="J."),Processed_Data!J282,"") | AG282: =IF(AND($AB282=1,Processed_Data!C282="Maria.B"),Processed_Data!J282,"") | AH282: =IF(AND($AB282=1,Processed_Data!C282="Sana Safinaz"),Processed_Data!J282,"") -> 25000 | AI282: =IF(AND($AB282=1,Processed_Data!C282="J."),Processed_Data!L282,0) -> 0 | AJ282: =IF(AND($AB282=1,Processed_Data!C282="Maria.B"),Processed_Data!L282,0) -> 0 | AK282: =IF(AND($AB282=1,Processed_Data!C282="Sana Safinaz"),Processed_Data!L282,0) -> 57.84

Sheet Processed_Data
A1: Product_ID | B1: Snapshot_Date | C1: Brand | D1: Product_Name | E1: SKU | F1: Category | G1: Subcategory | H1: Collection | I1: Original_Price | J1: Sale_Price | K1: Discount_Amount | L1: Discount_Percent | M1: Sale_Status | N1: Price_Segment | O1: Discount_Band | P1: Category_Median_Price | Q1: Price_Index | R1: Availability | S1: Currency | T1: Price_Competitiveness_Score | U1: Discount_Strategy_Score | V1: Product_Variety_Score | W1: Availability_Score | X1: Brand_Intelligence_Score | Y1: Column1 | Z1: Column2 | AA1: Column3
A2: J-001 | B2: 46265 | C2: J. | D2: Choco Vanille | E2: PU300268-DFT-100ML-REG | F2: Unstitched | G2: Other | H2: Women Unstitched | I2: 6900 | J2: 6900 | K2: 0 | L2: 0 | M2: Regular Price | N2: Budget | O2: No Discount | P2: 6900 | Q2: 100 | R2: Available | S2: PKR | T2: 100 | U2: 1.14 | V2: 60 | W2: 100 | X2: 65.28 | AA2: 46265
A3: J-002 | B3: 46265 | C3: J. | D3: Galaxy Grape | E3: PU300267-DFT-100ML-REG | F3: Unstitched | G3: Other | H3: Women Unstitched | I3: 6900 | J3: 6900 | K3: 0 | L3: 0 | M3: Regular Price | N3: Budget | O3: No Discount | P3: 6900 | Q3: 100 | R3: Available | S3: PKR | T3: 100 | U3: 1.14 | V3: 60 | W3: 100 | X3: 65.28 | AA3: 46265
A4: J-003 | B4: 46265 | C4: J. | D4: Matcha Matcha | E4: PU300266-DFT-100ML-REG | F4: Unstitched | G4: Other | H4: Women Unstitched | I4: 6900 | J4: 6900 | K4: 0 | L4: 0 | M4: Regular Price | N4: Budget | O4: No Discount | P4: 6900 | Q4: 100 | R4: Available | S4: PKR | T4: 100 | U4: 1.14 | V4: 60 | W4: 100 | X4: 65.28 | AA4: 46265
A5: J-004 | B5: 46265 | C5: J. | D5: Pink Sugar | E5: PU300265-DFT-100ML-REG | F5: Unstitched | G5: Other | H5: Women Unstitched | I5: 6900 | J5: 6900 | K5: 0 | L5: 0 | M5: Regular Price | N5: Budget | O5: No Discount | P5: 6900 | Q5: 100 | R5: Available | S5: PKR | T5: 100 | U5: 1.14 | V5: 60 | W5: 100 | X5: 65.28 | AA5: 46265
A6: J-005 | B6: 46265 | C6: J. | D6: ENIGMA NOIR | E6: PL300018-DFT-100ML-REG | F6: Unstitched | G6: Other | H6: Women Unstitched | I6: 4500 | J6: 4500 | K6: 0 | L6: 0 | M6: Regular Price | N6: Budget | O6: No Discount | P6: 6900 | Q6: 65.22 | R6: Available | S6: PKR | T6: 100 | U6: 1.14 | V6: 60 | W6: 100 | X6: 65.28 | AA6: 46265
A7: J-006 | B7: 46265 | C7: J. | D7: ZARAR METALLIC | E7: PM300185-DFT-100ML-REG | F7: Unstitched | G7: Other | H7: Women Unstitched | I7: 5500 | J7: 5500 | K7: 0 | L7: 0 | M7: Regular Price | N7: Budget | O7: No Discount | P7: 6900 | Q7: 79.71 | R7: Available | S7: PKR | T7: 100 | U7: 1.14 | V7: 60 | W7: 100 | X7: 65.28 | AA7: 46265
A8: J-007 | B8: 46265 | C8: J. | D8: ZARAR SHADOW | E8: PM300184-DFT-100ML-REG | F8: Unstitched | G8: Other | H8: Women Unstitched | I8: 5500 | J8: 5500 | K8: 0 | L8: 0 | M8: Regular Price | N8: Budget | O8: No Discount | P8: 6900 | Q8: 79.71 | R8: Available | S8: PKR | T8: 100 | U8: 1.14 | V8: 60 | W8: 100 | X8: 65.28 | AA8: 46265
A9: J-008 | B9: 46265 | C9: J. | D9: JANAN ZIRCON | E9: PL300167-DFT-100ML-REG | F9: Unstitched | G9: Other | H9: Women Unstitched | I9: 5900 | J9: 5900 | K9: 0 | L9: 0 | M9: Regular Price | N9: Budget | O9: No Discount | P9: 6900 | Q9: 85.51 | R9: Available | S9: PKR | T9: 100 | U9: 1.14 | V9: 60 | W9: 100 | X9: 65.28 | AA9: 46265
A10: J-009 | B10: 46265 | C10: J. | D10: JANAN PEARL | E10: PL300162-DFT-100ML-REG | F10: Unstitched | G10: Other | H10: Women Unstitched | I10: 5900 | J10: 5900 | K10: 0 | L10: 0 | M10: Regular Price | N10: Budget | O10: No Discount | P10: 6900 | Q10: 85.51 | R10: Available | S10: PKR | T10: 100 | U10: 1.14 | V10: 60 | W10: 100 | X10: 65.28 | AA10: 46265
A11: J-010 | B11: 46265 | C11: J. | D11: JANAN ONYX | E11: PL300160-DFT-100ML-REG | F11: Unstitched | G11: Other | H11: Women Unstitched | I11: 5900 | J11: 5900 | K11: 0 | L11: 0 | M11: Regular Price | N11: Budget | O11: No Discount | P11: 6900 | Q11: 85.51 | R11: Available | S11: PKR | T11: 100 | U11: 1.14 | V11: 60 | W11: 100 | X11: 65.28 | AA11: 46265
A12: J-011 | B12: 46265 | C12: J. | D12: Teal Embroidered Cambric Unstitched 2Pc | E12: JST262487U-GREEN-2PS-REG | F12: Unstitched | G12: 2 Piece | H12: Women Unstitched | I12: 4990 | J12: 4990 | K12: 0 | L12: 0 | M12: Regular Price | N12: Budget | O12: No Discount | P12: 6900 | Q12: 72.32 | R12: Available | S12: PKR | T12: 100 | U12: 1.14 | V12: 60 | W12: 100 | X12: 65.28 | AA12: 46265
A13: J-012 | B13: 46265 | C13: J. | D13: Red Embroidered Cambric Unstitched 2Pc | E13: JST262486U-RED-2PS-REG | F13: Unstitched | G13: 2 Piece | H13: Women Unstitched | I13: 4990 | J13: 4990 | K13: 0 | L13: 0 | M13: Regular Price | N13: Budget | O13: No Discount | P13: 6900 | Q13: 72.32 | R13: Available | S13: PKR | T13: 100 | U13: 1.14 | V13: 60 | W13: 100 | X13: 65.28 | AA13: 46265
... A282: SAN-081 | B282: 46265 | C282: Sana Safinaz | D282: SS24FOR253P2T | E282: 1000000073495 | F282: Formal | G282: Other | H282: Formals | I282: 59299 | J282: 25000 | K282: 34299 | L282: 57.84 | M282: On Sale | N282: Premium | O282: High (40-59%) | P282: 27990 | Q282: 89.32 | R282: Available | S282: PKR | T282: 53.93 | U282: 100 | V282: 80 | W282: 100 | X282: 81.18 | AA282: 46265

Sheet Raw_Data
A1: Product_ID | B1: Snapshot_Date | C1: Brand | D1: Product_Name | E1: SKU | F1: Category | G1: Subcategory | H1: Collection | I1: Original_Price | J1: Sale_Price | K1: Discount_Amount | L1: Discount_Percent | M1: Availability | N1: Currency | O1: Column1 | P1: Column2 | Q1: Scrape_Date
A2: J-001 | B2: 46265 | C2: J. | D2: Choco Vanille | E2: PU300268-DFT-100ML-REG | F2: Unstitched | G2: Other | H2: Women Unstitched | I2: 6900 | J2: 6900 | K2: 0 | L2: 0 | M2: Available | N2: PKR | Q2: 46265
A3: J-002 | B3: 46265 | C3: J. | D3: Galaxy Grape | E3: PU300267-DFT-100ML-REG | F3: Unstitched | G3: Other | H3: Women Unstitched | I3: 6900 | J3: 6900 | K3: 0 | L3: 0 | M3: Available | N3: PKR | Q3: 46265
A4: J-003 | B4: 46265 | C4: J. | D4: Matcha Matcha | E4: PU300266-DFT-100ML-REG | F4: Unstitched | G4: Other | H4: Women Unstitched | I4: 6900 | J4: 6900 | K4: 0 | L4: 0 | M4: Available | N4: PKR | Q4: 46265
A5: J-004 | B5: 46265 | C5: J. | D5: Pink Sugar | E5: PU300265-DFT-100ML-REG | F5: Unstitched | G5: Other | H5: Women Unstitched | I5: 6900 | J5: 6900 | K5: 0 | L5: 0 | M5: Available | N5: PKR | Q5: 46265
A6: J-005 | B6: 46265 | C6: J. | D6: ENIGMA NOIR | E6: PL300018-DFT-100ML-REG | F6: Unstitched | G6: Other | H6: Women Unstitched | I6: 4500 | J6: 4500 | K6: 0 | L6: 0 | M6: Available | N6: PKR | Q6: 46265
A7: J-006 | B7: 46265 | C7: J. | D7: ZARAR METALLIC | E7: PM300185-DFT-100ML-REG | F7: Unstitched | G7: Other | H7: Women Unstitched | I7: 5500 | J7: 5500 | K7: 0 | L7: 0 | M7: Available | N7: PKR | Q7: 46265
A8: J-007 | B8: 46265 | C8: J. | D8: ZARAR SHADOW | E8: PM300184-DFT-100ML-REG | F8: Unstitched | G8: Other | H8: Women Unstitched | I8: 5500 | J8: 5500 | K8: 0 | L8: 0 | M8: Available | N8: PKR | Q8: 46265
A9: J-008 | B9: 46265 | C9: J. | D9: JANAN ZIRCON | E9: PL300167-DFT-100ML-REG | F9: Unstitched | G9: Other | H9: Women Unstitched | I9: 5900 | J9: 5900 | K9: 0 | L9: 0 | M9: Available | N9: PKR | Q9: 46265
A10: J-009 | B10: 46265 | C10: J. | D10: JANAN PEARL | E10: PL300162-DFT-100ML-REG | F10: Unstitched | G10: Other | H10: Women Unstitched | I10: 5900 | J10: 5900 | K10: 0 | L10: 0 | M10: Available | N10: PKR | Q10: 46265
A11: J-010 | B11: 46265 | C11: J. | D11: JANAN ONYX | E11: PL300160-DFT-100ML-REG | F11: Unstitched | G11: Other | H11: Women Unstitched | I11: 5900 | J11: 5900 | K11: 0 | L11: 0 | M11: Available | N11: PKR | Q11: 46265
A12: J-011 | B12: 46265 | C12: J. | D12: Teal Embroidered Cambric Unstitched 2Pc | E12: JST262487U-GREEN-2PS-REG | F12: Unstitched | G12: 2 Piece | H12: Women Unstitched | I12: 4990 | J12: 4990 | K12: 0 | L12: 0 | M12: Available | N12: PKR | Q12: 46265
A13: J-012 | B13: 46265 | C13: J. | D13: Red Embroidered Cambric Unstitched 2Pc | E13: JST262486U-RED-2PS-REG | F13: Unstitched | G13: 2 Piece | H13: Women Unstitched | I13: 4990 | J13: 4990 | K13: 0 | L13: 0 | M13: Available | N13: PKR | Q13: 46265
... A282: SAN-081 | B282: 46265 | C282: Sana Safinaz | D282: SS24FOR253P2T | E282: 1000000073495 | F282: Formal | G282: Other | H282: Formals | I282: 59299 | J282: 25000 | K282: 34299 | L282: 57.84 | M282: Available | N282: PKR | Q282: 46265

Sheet Weather_API
A1: Region | B1: Weather_Date | C1: Temperature_C | D1: Weather_Condition | E1: Weather_Code | F1: Max_Temperature_C | G1: Min_Temperature_C | H1: Humidity_Percent | I1: Precipitation_mm | J1: Wind_Speed_kmh | K1: Source
A2: Peshawar, Pakistan | B2: 46265 | C2: 33.1 | D2: Clear | E2: 0 | F2: 34 | G2: 25.9 | H2: 62 | I2: 0 | J2: 5 | K2: Open-Meteo API

Sheet Seasonal_Context
A1: Month | B1: Avg_Max_Temperature_C | C1: Avg_Min_Temperature_C | D1: Total_Precipitation_mm
A2: 2026-02 | B2: 22.8 | C2: 8.5 | D2: 9.3
A3: 2026-03 | B3: 25.5 | C3: 13.9 | D3: 103.1
A4: 2026-04 | B4: 28.3 | C4: 16.3 | D4: 140.1
A5: 2026-05 | B5: 35.4 | C5: 23 | D5: 7.6
A6: 2026-06 | B6: 38.4 | C6: 26.7 | D6: 7.3
A7: 2026-07 | B7: 36.7 | C7: 26.8 | D7: 146.7

Sheet SQL_Summary
A1: brands | B1: products | C1: categories | D1: median_price | E1: average_discount_percent | F1: sale_products_percent
A2: 3 | B2: 281 | C2: 5 | D2: 12990 | E2: 0.046186121 | F2: 0.13879004
